,horraire
0,2024-07-24 10:00:00+00:00
1,2024-07-24 16:00:00+00:00
2,2024-07-24 22:00:00+00:00
3,2024-07-25 10:00:00+00:00
4,2024-07-25 16:00:00+00:00
5,2024-07-25 22:00:00+00:00
6,2024-07-27 10:00:00+00:00
7,2024-07-27 16:00:00+00:00
8,2024-07-27 22:00:00+00:00
9,2024-07-28 10:00:00+00:00
10,2024-07-28 16:00:00+00:00
11,2024-07-28 22:00:00+00:00
12,2024-07-29 10:00:00+00:00
13,2024-07-29 16:00:00+00:00
14,2024-07-29 22:00:00+00:00
15,2024-07-30 10:00:00+00:00
16,2024-07-30 16:00:00+00:00
17,2024-07-30 22:00:00+00:00
18,2024-07-31 10:00:00+00:00
19,2024-07-31 16:00:00+00:00
20,2024-07-31 22:00:00+00:00
21,2024-08-01 10:00:00+00:00
22,2024-08-01 16:00:00+00:00
23,2024-08-01 22:00:00+00:00
24,2024-08-02 10:00:00+00:00
25,2024-08-02 16:00:00+00:00
26,2024-08-02 22:00:00+00:00
27,2024-08-03 10:00:00+00:00
28,2024-08-03 16:00:00+00:00
29,2024-08-03 22:00:00+00:00
30,2024-08-04 10:00:00+00:00
31,2024-08-04 16:00:00+00:00
32,2024-08-04 22:00:00+00:00
33,2024-08-05 10:00:00+00:00
34,2024-08-05 16:00:00+00:00
35,2024-08-05 22:00:00+00:00
36,2024-08-06 10:00:00+00:00
37,2024-08-06 16:00:00+00:00
38,2024-08-06 22:00:00+00:00
39,2024-08-07 10:00:00+00:00
40,2024-08-07 16:00:00+00:00
41,2024-08-07 22:00:00+00:00
42,2024-08-08 10:00:00+00:00
43,2024-08-08 16:00:00+00:00
44,2024-08-08 22:00:00+00:00
45,2024-08-09 10:00:00+00:00
46,2024-08-09 16:00:00+00:00
47,2024-08-09 22:00:00+00:00
48,2024-08-10 10:00:00+00:00
49,2024-08-10 16:00:00+00:00
50,2024-08-10 22:00:00+00:00
51,2024-08-11 10:00:00+00:00
52,2024-08-11 16:00:00+00:00
53,2024-08-11 22:00:00+00:00
54,2024-08-29 10:00:00+00:00
55,2024-08-29 16:00:00+00:00
56,2024-08-29 22:00:00+00:00
57,2024-08-30 10:00:00+00:00
58,2024-08-30 16:00:00+00:00
59,2024-08-30 22:00:00+00:00
60,2024-08-31 10:00:00+00:00
61,2024-08-31 16:00:00+00:00
62,2024-08-31 22:00:00+00:00
63,2024-09-01 10:00:00+00:00
64,2024-09-01 16:00:00+00:00
65,2024-09-01 22:00:00+00:00
66,2024-09-02 10:00:00+00:00
67,2024-09-02 16:00:00+00:00
68,2024-09-02 22:00:00+00:00
69,2024-09-03 10:00:00+00:00
70,2024-09-03 16:00:00+00:00
71,2024-09-03 22:00:00+00:00
72,2024-09-04 10:00:00+00:00
73,2024-09-04 16:00:00+00:00
74,2024-09-04 22:00:00+00:00
75,2024-09-05 10:00:00+00:00
76,2024-09-05 16:00:00+00:00
77,2024-09-05 22:00:00+00:00
78,2024-09-06 10:00:00+00:00
79,2024-09-06 16:00:00+00:00
80,2024-09-06 22:00:00+00:00
81,2024-09-07 10:00:00+00:00
82,2024-09-07 16:00:00+00:00
83,2024-09-07 22:00:00+00:00
84,2024-09-08 10:00:00+00:00
85,2024-09-08 16:00:00+00:00
86,2024-09-08 22:00:00+00:00
